generation,best_cost,avg_cost,worst_cost,best_coverage,avg_coverage,worst_coverage,best_distance,avg_distance,worst_distance,avg_sites,min_sites,max_sites
0,31421197.48677645,227194009.7712411,476242752.15133744,283.55934794938275,283.5593479493828,283.55934794938275,0.7747701238552646,1.1368036258586556,1.9331870602771688,49.4,8.0,100.0
1,31421197.48677645,193936977.48990113,454307523.053753,283.55934794938275,283.5593479493828,283.55934794938275,0.7747701238552646,1.1649684304602668,1.9331870602771688,42.88,8.0,100.0
2,31421197.48677645,193613731.83826137,450108633.20431644,283.55934794938275,283.5593479493828,283.55934794938275,0.7747701238552646,1.1430896209472448,1.9331870602771688,43.1,8.0,97.0
3,31421197.48677645,188568900.72733662,468540623.75787127,283.55934794938275,283.5593479493828,283.55934794938275,0.7747701238552646,1.158909531175752,1.9331870602771688,41.94,8.0,98.0
4,31421197.48677645,140479425.46692786,450108633.20431644,283.55934794938275,283.5593479493828,283.55934794938275,0.7747701238552646,1.2497771881237068,1.9331870602771688,31.64,8.0,96.0
5,31421197.48677645,138902408.29850927,450108633.20431644,283.55934794938275,283.5593479493828,283.55934794938275,0.7747701238552646,1.2886514973723389,1.9331870602771688,31.42,8.0,96.0
6,31421197.48677645,125284933.94782484,450108633.20431644,283.55934794938275,283.5593479493828,283.55934794938275,0.7747701238552646,1.3100576670003263,1.723267487206924,28.54,8.0,96.0
7,31421197.48677645,98396287.48370391,450108633.20431644,283.55934794938275,283.5593479493828,283.55934794938275,0.7747701238552646,1.3871714527836758,1.723267487206924,22.74,8.0,96.0
8,31421197.48677645,97777595.52431439,450108633.20431644,283.55934794938275,283.5593479493828,283.55934794938275,0.7747701238552646,1.397384309375004,1.723267487206924,22.68,8.0,96.0
9,31421197.48677645,79904249.78877774,328791443.91296846,283.55934794938275,283.5593479493828,283.55934794938275,0.754170567358804,1.441367846321778,1.723267487206924,18.72,8.0,73.0
10,31421197.48677645,90095556.2514032,328791443.91296846,283.55934794938275,283.5593479493828,283.55934794938275,0.754170567358804,1.3917366931075685,1.723267487206924,20.84,8.0,73.0
11,31421197.48677645,81775825.10596734,328791443.91296846,283.55934794938275,283.5593479493828,283.55934794938275,0.754170567358804,1.401044466890052,1.723267487206924,18.96,8.0,73.0
12,31421197.48677645,90140266.6117773,328791443.91296846,283.55934794938275,283.5593479493828,283.55934794938275,0.754170567358804,1.3708276990132093,1.723267487206924,20.92,8.0,73.0
13,31421197.48677645,106950521.62855141,328791443.91296846,283.55934794938275,283.5593479493828,283.55934794938275,0.754170567358804,1.2668849349401956,1.723267487206924,24.74,8.0,73.0
14,31421197.48677645,105629934.29957554,328791443.91296846,283.55934794938275,283.5593479493828,283.55934794938275,0.754170567358804,1.261863741265787,1.723267487206924,24.48,8.0,73.0
15,31421197.48677645,113149191.29879726,315278674.59320194,283.55934794938275,283.5593479493828,283.55934794938275,0.7538763958479707,1.1952604694138933,1.723267487206924,26.38,8.0,71.0
16,31421197.48677645,107380442.51709856,315278674.59320194,283.55934794938275,283.5593479493828,283.55934794938275,0.7538763958479707,1.220142222931781,1.723267487206924,25.2,8.0,71.0
17,31421197.48677645,126230373.13979815,315278674.59320194,283.55934794938275,283.5593479493828,283.55934794938275,0.7538763958479707,1.0973468155642951,1.723267487206924,29.48,8.0,71.0
18,31421197.48677645,138743970.26139334,315278674.59320194,283.55934794938275,283.5593479493828,283.55934794938275,0.7538763958479707,1.0496860715961436,1.723267487206924,32.16,8.0,71.0
19,31421197.48677645,136658458.98404485,315278674.59320194,283.55934794938275,283.5593479493828,283.55934794938275,0.7538763958479707,1.0367061535008633,1.723267487206924,32.08,8.0,71.0
20,31421197.48677645,141763155.3534073,315278674.59320194,283.55934794938275,283.5593479493828,283.55934794938275,0.7538763958479707,1.0255227536237623,1.723267487206924,33.1,8.0,71.0
21,31421197.48677645,139393165.69210035,315278674.59320194,283.55934794938275,283.5593479493828,283.55934794938275,0.7538763958479707,1.007200396621436,1.723267487206924,32.76,8.0,71.0
22,31421197.48677645,124609092.63530563,315278674.59320194,283.55934794938275,283.5593479493828,283.55934794938275,0.7538763958479707,1.0252608662800293,1.723267487206924,29.8,8.0,71.0
23,31421197.48677645,128760356.92242464,315278674.59320194,283.55934794938275,283.5593479493828,283.55934794938275,0.7538763958479707,1.02610201025953,1.723267487206924,30.54,8.0,71.0
24,31421197.48677645,125839928.70003635,315278674.59320194,283.55934794938275,283.5593479493828,283.55934794938275,0.7538763958479707,1.036759295635742,1.723267487206924,29.72,8.0,71.0
25,31421197.48677645,122262787.14201099,315278674.59320194,283.55934794938275,283.5593479493828,283.55934794938275,0.7538763958479707,1.0513654035515596,1.723267487206924,28.92,8.0,71.0
26,31421197.48677645,112001815.75193039,315278674.59320194,283.55934794938275,283.5593479493828,283.55934794938275,0.7538763958479707,1.096647167633162,1.723267487206924,26.84,8.0,71.0
27,31421197.48677645,115084539.61972575,315278674.59320194,283.55934794938275,283.5593479493828,283.55934794938275,0.7538763958479707,1.0569110214816324,1.723267487206924,27.58,8.0,71.0
28,31421197.48677645,121493651.22070205,326261796.4066911,283.55934794938275,283.5593479493828,283.55934794938275,0.7501962514443853,1.0482863048608562,1.723267487206924,28.98,8.0,74.0
29,31421197.48677645,130309206.93824944,326261796.4066911,283.55934794938275,283.5593479493828,283.55934794938275,0.7501962514443853,1.0250220177759242,1.723267487206924,30.78,8.0,74.0
30,31421197.48677645,133325554.13809822,326261796.4066911,283.55934794938275,283.5593479493828,283.55934794938275,0.7501962514443853,1.0172382942161122,1.723267487206924,31.38,8.0,74.0
31,31421197.48677645,135579979.25513417,326261796.4066911,283.55934794938275,283.5593479493828,283.55934794938275,0.7501962514443853,1.013190412399325,1.723267487206924,31.78,8.0,74.0
32,31421197.48677645,140016457.90287971,326261796.4066911,283.55934794938275,283.5593479493828,283.55934794938275,0.7501962514443853,0.9991484571722059,1.723267487206924,32.82,8.0,74.0
33,31421197.48677645,129765960.62429966,326261796.4066911,283.55934794938275,283.5593479493828,283.55934794938275,0.7501962514443853,1.0225546848985902,1.723267487206924,30.76,8.0,74.0
34,31421197.48677645,127908730.11540297,326261796.4066911,283.55934794938275,283.5593479493828,283.55934794938275,0.7501962514443853,1.0237204232853867,1.723267487206924,30.3,8.0,74.0
35,31421197.48677645,135231797.34830526,326261796.4066911,283.55934794938275,283.5593479493828,283.55934794938275,0.7501962514443853,1.0184894987984598,1.723267487206924,31.86,8.0,74.0
36,31421197.48677645,129900791.88411215,326261796.4066911,283.55934794938275,283.5593479493828,283.55934794938275,0.7501962514443853,1.0275303076514575,1.723267487206924,30.8,8.0,74.0
37,31421197.48677645,129510502.2741699,326261796.4066911,283.55934794938275,283.5593479493828,283.55934794938275,0.7501962514443853,1.0285012346886906,1.723267487206924,30.6,8.0,74.0
38,31421197.48677645,129248659.21206556,326261796.4066911,283.55934794938275,283.5593479493828,283.55934794938275,0.7501962514443853,1.027147327058173,1.723267487206924,30.52,8.0,74.0
39,31421197.48677645,133988568.32779053,326261796.4066911,283.55934794938275,283.5593479493828,283.55934794938275,0.7501962514443853,1.016997143096241,1.723267487206924,31.56,8.0,74.0
40,31421197.48677645,136398610.39619875,326261796.4066911,283.55934794938275,283.5593479493828,283.55934794938275,0.7501962514443853,1.0113213145347046,1.723267487206924,32.0,8.0,74.0
41,31421197.48677645,137612942.252482,326261796.4066911,283.55934794938275,283.5593479493828,283.55934794938275,0.7501962514443853,0.9904498436097748,1.723267487206924,32.24,8.0,74.0
42,31421197.48677645,137638178.98460302,326261796.4066911,283.55934794938275,283.5593479493828,283.55934794938275,0.7501962514443853,0.9978514039827684,1.723267487206924,32.28,8.0,74.0
43,31421197.48677645,136060686.6923109,326261796.4066911,283.55934794938275,283.5593479493828,283.55934794938275,0.7501962514443853,0.9945388548148655,1.723267487206924,31.9,8.0,74.0
44,31421197.48677645,137719496.74901447,326261796.4066911,283.55934794938275,283.5593479493828,283.55934794938275,0.7501962514443853,0.9934868643434711,1.723267487206924,32.3,8.0,74.0
45,31421197.48677645,138740183.79146314,326261796.4066911,283.55934794938275,283.5593479493828,283.55934794938275,0.7501962514443853,0.9879816007079989,1.723267487206924,32.44,8.0,74.0
46,31421197.48677645,142567490.714885,326261796.4066911,283.55934794938275,283.5593479493828,283.55934794938275,0.7501962514443853,0.9579728892355324,1.723267487206924,33.22,8.0,74.0
47,31421197.48677645,141413875.0411023,348332830.18887955,283.55934794938275,283.5593479493828,283.55934794938275,0.7476764793863696,0.9754067881553362,1.723267487206924,33.08,8.0,78.0
48,31421197.48677645,127311132.27797605,288825737.9047829,283.55934794938275,283.5593479493828,283.55934794938275,0.7473752993955902,0.9741147507972571,1.723267487206924,29.9,8.0,65.0
49,31421197.48677645,128616047.01581798,288825737.9047829,283.55934794938275,283.5593479493828,283.55934794938275,0.7473752993955902,0.9756208670642682,1.723267487206924,30.2,8.0,65.0
50,31421197.48677645,127977025.30824053,288825737.9047829,283.55934794938275,283.5593479493828,283.55934794938275,0.7473752993955902,0.9800307678116544,1.723267487206924,30.04,8.0,65.0
51,31421197.48677645,129423543.55685754,288825737.9047829,283.55934794938275,283.5593479493828,283.55934794938275,0.7473752993955902,0.9750862858810568,1.723267487206924,30.36,8.0,65.0
52,31421197.48677645,131308091.56980424,288825737.9047829,283.55934794938275,283.5593479493828,283.55934794938275,0.7473752993955902,0.9762885812852186,1.723267487206924,30.74,8.0,65.0
53,31421197.48677645,126711829.04253313,288825737.9047829,283.55934794938275,283.5593479493828,283.55934794938275,0.7473752993955902,0.9804164346544555,1.723267487206924,29.68,8.0,65.0
54,31421197.48677645,129582875.02441749,288825737.9047829,283.55934794938275,283.5593479493828,283.55934794938275,0.7473752993955902,0.9702457238507511,1.723267487206924,30.3,8.0,65.0
55,31421197.48677645,128690253.42334653,288825737.9047829,283.55934794938275,283.5593479493828,283.55934794938275,0.7473752993955902,0.9763476962136225,1.723267487206924,30.22,8.0,65.0
56,31421197.48677645,129928444.0401537,288825737.9047829,283.55934794938275,283.5593479493828,283.55934794938275,0.7473752993955902,0.9738747533657134,1.723267487206924,30.48,8.0,65.0
57,31421197.48677645,120294903.75156721,288825737.9047829,283.55934794938275,283.5593479493828,283.55934794938275,0.7473752993955902,0.9905583802054666,1.723267487206924,28.4,8.0,65.0
58,31421197.48677645,113950410.08783895,288825737.9047829,283.55934794938275,283.5593479493828,283.55934794938275,0.7473752993955902,0.9998899924638143,1.723267487206924,27.02,8.0,65.0
59,31421197.48677645,114467471.74880119,288825737.9047829,283.55934794938275,283.5593479493828,283.55934794938275,0.7473752993955902,0.996967427549193,1.723267487206924,27.12,8.0,65.0
60,31421197.48677645,113821772.21099314,288825737.9047829,283.55934794938275,283.5593479493828,283.55934794938275,0.7473752993955902,0.9986987416482926,1.723267487206924,27.0,8.0,65.0
61,31421197.48677645,112431684.60051605,288825737.9047829,283.55934794938275,283.5593479493828,283.55934794938275,0.7473752993955902,1.0014456909855587,1.723267487206924,26.8,8.0,65.0
62,31421197.48677645,115242945.87635127,288825737.9047829,283.55934794938275,283.5593479493828,283.55934794938275,0.7473752993955902,0.9922587922236723,1.723267487206924,27.36,8.0,65.0
63,31421197.48677645,118292024.34639712,288825737.9047829,283.55934794938275,283.5593479493828,283.55934794938275,0.7473752993955902,0.9883366150779008,1.723267487206924,28.0,8.0,65.0
64,31421197.48677645,121811341.35013206,288825737.9047829,283.55934794938275,283.5593479493828,283.55934794938275,0.7473752993955902,0.9772915684973748,1.723267487206924,28.74,8.0,65.0
65,28560431.812652845,119407830.18245065,313820938.304624,283.55934794938275,283.5593479493828,283.55934794938275,0.7449055122526269,0.9698838403491381,1.3920252865994451,28.2,8.0,69.0
66,28560431.812652845,126036963.30080214,313820938.304624,283.55934794938275,283.5593479493828,283.55934794938275,0.7449055122526269,0.953418084771154,1.3920252865994451,29.62,8.0,69.0
67,28560431.812652845,122853889.12633467,313820938.304624,283.55934794938275,283.5593479493828,283.55934794938275,0.7449055122526269,0.9586919921097419,1.3920252865994451,29.02,8.0,69.0
68,28560431.812652845,120714705.95915428,313820938.304624,283.55934794938275,283.5593479493828,283.55934794938275,0.7449055122526269,0.9616509388012671,1.3920252865994451,28.48,8.0,69.0
69,28560431.812652845,127753064.33779927,320573470.33442736,283.55934794938275,283.5593479493828,283.55934794938275,0.7396513451539177,0.951693309969385,1.3920252865994451,29.92,8.0,71.0
70,28560431.812652845,126995087.37019473,320573470.33442736,283.55934794938275,283.5593479493828,283.55934794938275,0.7396513451539177,0.9560944537081498,1.3920252865994451,29.74,8.0,71.0
71,28560431.812652845,127025422.78283319,320573470.33442736,283.55934794938275,283.5593479493828,283.55934794938275,0.7396513451539177,0.9520484107640663,1.3920252865994451,29.74,8.0,71.0
72,28560431.812652845,124596703.82415678,302202744.9709474,283.55934794938275,283.5593479493828,283.55934794938275,0.739448546882531,0.9557924522694534,1.3920252865994451,29.22,8.0,68.0
73,28560431.812652845,131764588.42017059,302202744.9709474,283.55934794938275,283.5593479493828,283.55934794938275,0.739448546882531,0.9401443485186725,1.3920252865994451,30.76,8.0,68.0
74,28560431.812652845,112732016.2388796,302202744.9709474,283.55934794938275,283.5593479493828,283.55934794938275,0.739448546882531,0.9812252851600999,1.3920252865994451,26.7,8.0,68.0
75,28560431.812652845,113495412.01270156,302202744.9709474,283.55934794938275,283.5593479493828,283.55934794938275,0.739448546882531,0.9809245604087125,1.3920252865994451,26.9,8.0,68.0
76,28560431.812652845,112914435.12087002,302202744.9709474,283.55934794938275,283.5593479493828,283.55934794938275,0.739448546882531,0.9816891243137058,1.3920252865994451,26.74,8.0,68.0
77,28560431.812652845,109343341.69443783,302202744.9709474,283.55934794938275,283.5593479493828,283.55934794938275,0.739448546882531,0.9853763430883536,1.3920252865994451,25.88,8.0,68.0
78,28560431.812652845,116700554.62536508,384678176.71183825,283.55934794938275,283.5593479493828,283.55934794938275,0.7357412450060445,0.9789959084466553,1.3920252865994451,27.4,8.0,81.0
79,28560431.812652845,117883343.4806428,384678176.71183825,283.55934794938275,283.5593479493828,283.55934794938275,0.7357412450060445,0.9768897359153107,1.3920252865994451,27.64,8.0,81.0
80,28560431.812652845,114017195.86534241,384678176.71183825,283.55934794938275,283.5593479493828,283.55934794938275,0.7357412450060445,0.9815623473298207,1.3920252865994451,26.82,8.0,81.0
81,28560431.812652845,112528104.41968109,384678176.71183825,283.55934794938275,283.5593479493828,283.55934794938275,0.7357412450060445,0.9873723423642818,1.3920252865994451,26.56,8.0,81.0
82,28560431.812652845,116943798.45879143,384678176.71183825,283.55934794938275,283.5593479493828,283.55934794938275,0.7357412450060445,0.9796732964457862,1.3920252865994451,27.52,8.0,81.0
83,28560431.812652845,117930959.97368242,384678176.71183825,283.55934794938275,283.5593479493828,283.55934794938275,0.7357412450060445,0.9769302184291989,1.3920252865994451,27.74,8.0,81.0
84,28560431.812652845,121416682.35687187,384678176.71183825,283.55934794938275,283.5593479493828,283.55934794938275,0.7357412450060445,0.9623742745803048,1.3920252865994451,28.54,8.0,81.0
85,28560431.812652845,112777319.54735619,384678176.71183825,283.55934794938275,283.5593479493828,283.55934794938275,0.7357412450060445,0.9793708017973902,1.3920252865994451,26.66,8.0,81.0
86,28560431.812652845,111063404.09217092,384678176.71183825,283.55934794938275,283.5593479493828,283.55934794938275,0.7357412450060445,0.9869272039026388,1.3920252865994451,26.3,8.0,81.0
87,24523668.601334844,115508734.74876079,384678176.71183825,283.55934794938275,283.5593479493828,283.55934794938275,0.7357412450060445,0.9896177956078509,1.8369516217893282,27.18,7.0,81.0
88,24523668.601334844,123489559.15229881,384678176.71183825,283.55934794938275,283.5593479493828,283.55934794938275,0.7357412450060445,0.9705148266241909,1.8369516217893282,28.94,7.0,81.0
89,24523668.601334844,122337996.04159394,384678176.71183825,283.55934794938275,283.5593479493828,283.55934794938275,0.7357412450060445,0.9798111910143092,1.8369516217893282,28.72,7.0,81.0
90,24523668.601334844,119052071.7199338,384678176.71183825,283.55934794938275,283.5593479493828,283.55934794938275,0.7357412450060445,0.9878254373934128,1.8369516217893282,28.02,7.0,81.0
91,24523668.601334844,120030054.41738819,384678176.71183825,283.55934794938275,283.5593479493828,283.55934794938275,0.7357412450060445,0.9886836833464389,1.8369516217893282,28.2,7.0,81.0
92,24523668.601334844,113422694.34546983,384678176.71183825,283.55934794938275,283.5593479493828,283.55934794938275,0.7357412450060445,1.0136148224144559,1.8369516217893282,26.74,7.0,81.0
93,24523668.601334844,105777774.8712445,384678176.71183825,283.55934794938275,283.5593479493828,283.55934794938275,0.7357412450060445,1.0206551491672597,1.8369516217893282,25.1,7.0,81.0
94,24523668.601334844,110007993.54607266,384678176.71183825,283.55934794938275,283.5593479493828,283.55934794938275,0.7357412450060445,1.0173220036213706,1.8369516217893282,25.96,7.0,81.0
95,24523668.601334844,114481289.43345158,384678176.71183825,283.55934794938275,283.5593479493828,283.55934794938275,0.7357412450060445,1.0193922409412033,1.8369516217893282,26.96,7.0,81.0
96,24523668.601334844,103782201.32922943,283837448.9174143,283.55934794938275,283.5593479493828,283.55934794938275,0.7355170813120001,1.017947879055023,1.8369516217893282,24.86,7.0,64.0
97,24523668.601334844,106594570.05958141,283837448.9174143,283.55934794938275,283.5593479493828,283.55934794938275,0.7355170813120001,1.007640170870767,1.8369516217893282,25.48,7.0,64.0
98,24523668.601334844,111521805.18707219,283837448.9174143,283.55934794938275,283.5593479493828,283.55934794938275,0.7355170813120001,0.988829860612451,1.8369516217893282,26.6,7.0,64.0
99,24523668.601334844,112409433.77561131,288192454.3182541,283.55934794938275,283.5593479493828,283.55934794938275,0.7353003053218091,0.994141469081062,1.8369516217893282,26.72,7.0,64.0
100,24523668.601334844,109893103.17630634,288192454.3182541,283.55934794938275,283.5593479493828,283.55934794938275,0.7353003053218091,0.9968807209528842,1.8369516217893282,26.22,7.0,64.0
101,24523668.601334844,113098730.57134572,288192454.3182541,283.55934794938275,283.5593479493828,283.55934794938275,0.7353003053218091,0.9772205676250515,1.8369516217893282,26.9,7.0,64.0
102,24523668.601334844,118417228.1065769,288192454.3182541,283.55934794938275,283.5593479493828,283.55934794938275,0.7353003053218091,0.9684794345034612,1.8369516217893282,28.04,7.0,64.0
103,24523668.601334844,113907720.50456671,288192454.3182541,283.55934794938275,283.5593479493828,283.55934794938275,0.7353003053218091,0.9742520274387304,1.8369516217893282,27.04,7.0,64.0
104,24523668.601334844,115124357.11299609,288192454.3182541,283.55934794938275,283.5593479493828,283.55934794938275,0.7353003053218091,0.9776011371102339,1.8369516217893282,27.3,7.0,64.0
105,24523668.601334844,116797045.67460728,288192454.3182541,283.55934794938275,283.5593479493828,283.55934794938275,0.7353003053218091,0.9691626634361971,1.8369516217893282,27.68,7.0,64.0
106,24523668.601334844,116693898.4448506,288192454.3182541,283.55934794938275,283.5593479493828,283.55934794938275,0.7353003053218091,0.9639235395887114,1.8369516217893282,27.72,7.0,64.0
107,24523668.601334844,123981253.37452078,288192454.3182541,283.55934794938275,283.5593479493828,283.55934794938275,0.7353003053218091,0.9470490134338923,1.8369516217893282,29.2,7.0,64.0
108,24523668.601334844,121567446.83563401,288192454.3182541,283.55934794938275,283.5593479493828,283.55934794938275,0.7353003053218091,0.9535456197542943,1.8369516217893282,28.74,7.0,64.0
109,24523668.601334844,121194712.01461153,288192454.3182541,283.55934794938275,283.5593479493828,283.55934794938275,0.7353003053218091,0.9593278271623604,1.8369516217893282,28.62,7.0,64.0
110,24523668.601334844,120468857.8908366,288192454.3182541,283.55934794938275,283.5593479493828,283.55934794938275,0.7353003053218091,0.9553399053999126,1.8369516217893282,28.4,7.0,64.0
111,24523668.601334844,122493587.9337735,303315226.4847932,283.55934794938275,283.5593479493828,283.55934794938275,0.7301420244601866,0.952673650461398,1.8369516217893282,28.82,7.0,66.0
112,24523668.601334844,126871891.95947948,303315226.4847932,283.55934794938275,283.5593479493828,283.55934794938275,0.7301420244601866,0.9468306946166816,1.8369516217893282,29.84,7.0,66.0
113,24523668.601334844,120736420.31909308,303315226.4847932,283.55934794938275,283.5593479493828,283.55934794938275,0.7301420244601866,0.9768843165478107,1.8369516217893282,28.48,7.0,66.0
114,24523668.601334844,111394414.7761529,303315226.4847932,283.55934794938275,283.5593479493828,283.55934794938275,0.7301420244601866,0.9936418388784821,1.8369516217893282,26.52,7.0,66.0
115,24523668.601334844,119521256.35933731,303315226.4847932,283.55934794938275,283.5593479493828,283.55934794938275,0.7301420244601866,0.9835924785355755,1.8369516217893282,28.18,7.0,66.0
116,24523668.601334844,131767162.91493179,303315226.4847932,283.55934794938275,283.5593479493828,283.55934794938275,0.7301420244601866,0.9559608292792368,1.8369516217893282,30.8,7.0,66.0
117,24523668.601334844,126214674.77912942,303315226.4847932,283.55934794938275,283.5593479493828,283.55934794938275,0.7301420244601866,0.9684817421818882,1.8369516217893282,29.58,7.0,66.0
118,24523668.601334844,124899900.49060553,303315226.4847932,283.55934794938275,283.5593479493828,283.55934794938275,0.7301420244601866,0.9738346128083427,1.8369516217893282,29.26,7.0,66.0
119,24523668.601334844,125520616.85407561,303315226.4847932,283.55934794938275,283.5593479493828,283.55934794938275,0.7301420244601866,0.9696917378066665,1.8369516217893282,29.38,7.0,66.0
120,24523668.601334844,119013036.64375307,299112645.5144318,283.55934794938275,283.5593479493828,283.55934794938275,0.7294115550297907,0.9800771771613409,1.8369516217893282,28.04,7.0,64.0
121,24523668.601334844,119886459.2137795,299112645.5144318,283.55934794938275,283.5593479493828,283.55934794938275,0.7294115550297907,0.9800283445425376,1.8369516217893282,28.2,7.0,64.0
122,24523668.601334844,124252059.16878995,299112645.5144318,283.55934794938275,283.5593479493828,283.55934794938275,0.7294115550297907,0.9684103484479987,1.8369516217893282,29.1,7.0,64.0
123,24523668.601334844,118080291.13593815,299112645.5144318,283.55934794938275,283.5593479493828,283.55934794938275,0.7294115550297907,0.9711077634300124,1.8369516217893282,27.76,7.0,64.0
124,24523668.601334844,117122093.70593297,299112645.5144318,283.55934794938275,283.5593479493828,283.55934794938275,0.7294115550297907,0.9714869766845021,1.8369516217893282,27.56,7.0,64.0
125,24523668.601334844,122151502.7755437,299112645.5144318,283.55934794938275,283.5593479493828,283.55934794938275,0.7294115550297907,0.9635235782254735,1.8369516217893282,28.66,7.0,64.0
126,24523668.601334844,114148041.72759749,299112645.5144318,283.55934794938275,283.5593479493828,283.55934794938275,0.7294115550297907,0.9825214791084381,1.8369516217893282,27.04,7.0,64.0
127,24523668.601334844,110558168.64035252,299112645.5144318,283.55934794938275,283.5593479493828,283.55934794938275,0.7294115550297907,0.9895187061189975,1.8369516217893282,26.18,7.0,64.0
128,24523668.601334844,109340231.79838637,299112645.5144318,283.55934794938275,283.5593479493828,283.55934794938275,0.7294115550297907,0.9935133279466168,1.8369516217893282,25.98,7.0,64.0
129,24523668.601334844,110245844.82559213,299112645.5144318,283.55934794938275,283.5593479493828,283.55934794938275,0.7294115550297907,0.9883793470020581,1.8369516217893282,26.2,7.0,64.0
130,24523668.601334844,115762395.49753256,299112645.5144318,283.55934794938275,283.5593479493828,283.55934794938275,0.7294115550297907,0.9831636705534987,1.8369516217893282,27.42,7.0,64.0
131,24523668.601334844,116428676.88318677,299112645.5144318,283.55934794938275,283.5593479493828,283.55934794938275,0.7294115550297907,0.9755710317725941,1.8369516217893282,27.54,7.0,64.0
132,24523668.601334844,117967982.53733368,299112645.5144318,283.55934794938275,283.5593479493828,283.55934794938275,0.7294115550297907,0.9787615589700898,1.8369516217893282,27.86,7.0,64.0
133,24523668.601334844,119563637.98526281,299112645.5144318,283.55934794938275,283.5593479493828,283.55934794938275,0.7294115550297907,0.9779811994513594,1.8369516217893282,28.24,7.0,64.0
134,24523668.601334844,118380342.64860603,305587286.5266478,283.55934794938275,283.5593479493828,283.55934794938275,0.7273339620745936,0.9782486088329762,1.8369516217893282,27.94,7.0,66.0
135,24523668.601334844,117424863.39586619,305587286.5266478,283.55934794938275,283.5593479493828,283.55934794938275,0.7273339620745936,0.9833513868375939,1.8369516217893282,27.78,7.0,66.0
136,24523668.601334844,112590698.74380392,296271358.5442319,283.55934794938275,283.5593479493828,283.55934794938275,0.7273311355128799,0.9870213977074098,1.8369516217893282,26.78,7.0,63.0
137,24523668.601334844,118995781.7579494,296271358.5442319,283.55934794938275,283.5593479493828,283.55934794938275,0.7273311355128799,0.9750816053649467,1.8369516217893282,28.04,7.0,63.0
138,24523668.601334844,114898088.06089962,296271358.5442319,283.55934794938275,283.5593479493828,283.55934794938275,0.7273311355128799,0.9838139917587554,1.8369516217893282,27.14,7.0,63.0
139,24523668.601334844,118220619.4977127,296271358.5442319,283.55934794938275,283.5593479493828,283.55934794938275,0.7273311355128799,0.9796700438833805,1.8369516217893282,27.86,7.0,63.0
140,24523668.601334844,124067166.52642399,296271358.5442319,283.55934794938275,283.5593479493828,283.55934794938275,0.7273311355128799,0.9719386726364435,1.8369516217893282,29.1,7.0,63.0
141,24523668.601334844,122990396.82488032,321765719.2385977,283.55934794938275,283.5593479493828,283.55934794938275,0.7203283315781867,0.9694829314930016,1.8369516217893282,28.76,7.0,69.0
142,24523668.601334844,124480398.14279829,321765719.2385977,283.55934794938275,283.5593479493828,283.55934794938275,0.7203283315781867,0.9691696499691318,1.8369516217893282,29.04,7.0,69.0
143,24523668.601334844,129926479.982482,321765719.2385977,283.55934794938275,283.5593479493828,283.55934794938275,0.7203283315781867,0.9626165525023811,1.8369516217893282,30.12,7.0,69.0
144,24523668.601334844,129122026.07658517,321765719.2385977,283.55934794938275,283.5593479493828,283.55934794938275,0.7203283315781867,0.9634510597669855,1.8369516217893282,29.96,7.0,69.0
145,24523668.601334844,119821303.36933951,321765719.2385977,283.55934794938275,283.5593479493828,283.55934794938275,0.7203283315781867,0.96916923495774,1.8369516217893282,28.02,7.0,69.0
146,24523668.601334844,112298446.90071936,321765719.2385977,283.55934794938275,283.5593479493828,283.55934794938275,0.7203283315781867,0.978716310428853,1.8369516217893282,26.4,7.0,69.0
147,24523668.601334844,112908226.46235332,321765719.2385977,283.55934794938275,283.5593479493828,283.55934794938275,0.7203283315781867,0.98396433937186,1.8369516217893282,26.6,7.0,69.0
148,24523668.601334844,113614760.30799867,321765719.2385977,283.55934794938275,283.5593479493828,283.55934794938275,0.7203283315781867,0.9831413554565591,1.8369516217893282,26.76,7.0,69.0
149,24523668.601334844,111923565.01596609,321765719.2385977,283.55934794938275,283.5593479493828,283.55934794938275,0.7203283315781867,0.987721454115207,1.8369516217893282,26.4,7.0,69.0
